Workbook

Sheet overview
A1: overview
C2: aa | D2: nf | E2: nm | F2: mf | G2: mm | H2: na | I2: ma | J2: af | K2: am
B3: {=C11&" / "&C12} | C3: All | D3: Native Female | E3: Native Male | F3: Migrant Female | G3: Migrant Male | H3: Utility Native Male + Female | I3: Utility Migrant Male + Female | J3: Utility All Female | K3: Utility All Male | L3: Utility Other
B4: Information | C4: This column contains general values (like definitions and sources) | D4: This column is important for the correct calculation | E4: This column is important for the correct calculation | F4: This column is important for the correct calculation | G4: This column is important for the correct calculation | H4: This column only contains utilty values used to calculate the data on the left | I4: This column only contains utilty values used to calculate the data on the left | J4: This column only contains utilty values used to calculate the data on the left | K4: This column only contains utilty values used to calculate the data on the left | L4: This column only contains utilty values used to calculate the data on the left
B5: Editing this spreadsheet | C5: On a blue background, you can edit values and formulas
C6: On a green background, only change the formula (normally the formula should be right though)
C7: On a yellow background, don't change anything!
C8: On a dark grey background, you find important instructions
B10: Country
A11: na | B11: Acronym (e.g. "DE") | C11: IT
A12: nn | B12: Name | C12: Italy
A13: nd | B13: Date when the sheets were generated | C13: 2026-05-25 17:03
B15: Estimation | C15: This is an estimation of the tipping point
B17: Current population | C17: {=H17+I17} | D17: {=C34} | E17: pn, pm | H17: {=population!H109} | I17: {=population!I109}
B18: Gap native - migrant | C18: {=H17-I17} | D18: {=C18/C17}
B19: Birth / year according to population | H19: {=population!H9} | I19: {=population!I9}
B20: Birth / year according to fertility | H20: {=births!H11} | I20: {=births!I11}
B21: Birth / year used for estimation | D21: We prefer the number of births according to the fertility | H21: {=IF(ISNUMBER(H20),H20,H19)} | I21: {=IF(ISNUMBER(I20),I20,I19)}
B22: Deaths / year | H22: {=-deaths!H107} | I22: {=-deaths!I107}
B23: Migration balance / year | H23: {=migration!H9} | I23: {=migration!I9}
B24: Population delta / year | C24: {=I24-H24} | D24: {=C24/C17} | E24: dn, dm | H24: {=H21+H22+H23} | I24: {=I21+I22+I23}
B26: Years until 33% share of migrants | C26: {=(H$17-2*I$17)/(2*I$24-H$24)} | D26: y = (pn - 2*pm) / (2*dm - dn)
B27: Estimated tipping point for 33% share of migrants | C27: {=C$33+C26}
B28: Years until 50% share of migrants | C28: {=(H$17-I$17)/(I$24-H$24)} | D28: y = (pn - pm) / (dm - dn)
B29: Estimated tipping point for 50% share of migrants | C29: {=C$33+C28}
B31: Indicators | C31: This indicators are used to find differences between countries and thus show where the data collection might be wrong
B33: Year of the population numbers | C33: {=population!C7}
B34: Share of migrant population | C34: {=population!I109/population!C109} | D34: > 20% normally
B35: Births per 1 mio. women (15-49) | C35: {=I35/H35-1} | D35: > 30% normally | H35: {=births!H11/births!D9*1000000} | I35: {=births!I11/births!F9*1000000}
B36: Births per 1 mio. population | C36: {=I36/H36-1} | D36: > 50% normally due to younger migrant population | H36: {=births!H11/population!H109*1000000} | I36: {=births!I11/population!I109*1000000}
B37: Deaths per 1 mio. population | C37: {=I37/H37-1} | D37: < 0% normally due to younger migrant population | H37: {=deaths!H$107/population!H$109*1000000} | I37: {=deaths!I$107/population!I$109*1000000}
B38: Migration balance per 1 mio. of group | H38: {=migration!H111/population!H109*1000000} | I38: {=migration!I111/population!I109*1000000}
B39: Migration balance in % of population | H39: {=migration!H111/population!C109} | I39: {=migration!I111/population!D109}
B47: Migration Background | C47: How is the "Migration Background" defined in this country?
A49: i | B49: Definition of the 'migration background' | C49: There is no primary definition of migration background. One is either Italian with Italian citizenship or a foreigner without Italian citizenship.
A51: is | B51: Source of the data (verbal) | C51: https://www.istat.it/it/files/2020/04/Identit%C3%A0-e-percorsi.pdf; downloaded 46116
B52: URLs, where the data was found | C52: https://www.statistik.at/statistiken/bevoelkerung-und-soziales/bevoelkerung/migration-und-einbuergerung/migrationshintergrund, https://www.statistik.at/fileadmin/pages/435/Tabellensammlung_Migrationshintergrund_2025.ods, https://www.statistik.at/fileadmin/publications/Migration-Integration_2025.pdf
B53: Date, when the data was downloaded | C53: 2026-05-20
B54: Manual remarks (not for AI!)
B55: Remarks of the AI (e.g. calculation) | C55: MH-Anteil gesamt 2025 (Mikrozensus-Jahresdurchschnitt): 28,2 % (2.553,6 von 9.043,7 Tsd. in Privathaushalten). Davon 1. Generation 1.901,2 Tsd., 2. Generation 652,4 Tsd. Für die Pop-Aufschlüsselung wurde der MH-Anteil pro 5-Jahres-Altersgruppe × Geschlecht auf die POPREG-Einzelaltersstruktur (Stichtag 01.01.2025) angewandt. Siehe population!B115 für Methodik-Details.
B56: Internal remarks
B58: Life Expectancy | C58: What is the avarage life expectancy in this country?
A60: l | B60: Life expectancy | C60: 83.592329 | D60: 85.6 | E60: 81.5 | F60: 85.6 | G60: 81.5 | H60: {=($D60*population!$D109+$E60*population!$E109)/population!H109} | I60: {=($F60*population!$F109+$G60*population!$G109)/population!I109} | J60: {=($D60*population!$D109+$F60*population!$F109)/population!J109} | K60: {=($E60*population!$E109+$G60*population!$G109)/population!K109}
A62: ls | B62: Source of the data (verbal) | C62: https://esploradati.istat.it/databrowser/#/en/dw/categories/IT1,POP,1.0/POP_POPULATION/DCIS_INDDEMOG1/IT1,22_293_DF_DCIS_INDDEMOG1_1,1.0; downloaded 46116; no distinction between native/migrant available
B63: URLs, where the data was found | C63: https://www.statistik.at/fileadmin/pages/413/Sterbetafel_2024_fuer_Oesterreich.ods
B64: Date, when the data was downloaded | C64: 2026-05-20
B65: Manual remarks (not for AI!)
B66: Remarks of the AI (e.g. calculation) | C66: Periodensterbetafel STAT für Berichtsjahr 2024 (komplette Sterbetafel A2). Datei: Sterbetafel_2024_fuer_Oesterreich.ods, Sheet A2, Zeile x=0 (e0): Männer 79,84 Jahre, Frauen 84,32 Jahre. Methodisch (CLAUDE.md §Lebenserwartung): einheitliche e0 für Native und Migrant, d.h. D60=F60 und E60=G60. STAT-Sterbetafel bezieht sich auf Gesamtbevölkerung, keine MH-Differenzierung in der öffentlichen Sterbetafel. Annahme: gleiche Mortalität — eine bewusste Vereinfachung, die den Healthy-Migrant-Effekt in jungen Altersgruppen sowie die ggf. ungünstigere Sterbestatistik in alten Altersgruppen ignoriert.
B67: Internal remarks

Sheet population
A1: population
C2: aa | D2: nf | E2: nm | F2: mf | G2: mm | H2: na | I2: ma | J2: af | K2: am
B3: {=overview!C11&" / "&overview!C12} | C3: All | D3: Native Female | E3: Native Male | F3: Migrant Female | G3: Migrant Male | H3: Utility Native Male + Female | I3: Utility Migrant Male + Female | J3: Utility All Female | K3: Utility All Male | L3: Utility Other
B4: ⚠️ | C4: Do not add or delete lines until the next dark grey row below! The fields below are the fields used in other sheets and in the calculation. The address of these fields and their contents must remain always the same, so we can add calculations later!
B5: Population | C5: This is the base line of the caclution
A7: py | B7: Year of the count of the population | C7: 2024
A9: p00 | B9: 0 years | C9: 431230 | D9: 184942 | E9: 195688 | F9: 24645 | G9: 25955 | H9: {=E9+D9} | I9: {=G9+F9} | J9: {=D9+F9} | K9: {=E9+G9}
A10: p01 | B10: 1 years | C10: 448444 | D10: 192455 | E10: 204738 | F10: 24887 | G10: 26364 | H10: {=E10+D10} | I10: {=G10+F10} | J10: {=D10+F10} | K10: {=E10+G10}
A11: p02 | B11: 2 years | C11: 460121 | D11: 198642 | E11: 208930 | F11: 25697 | G11: 26852 | H11: {=E11+D11} | I11: {=G11+F11} | J11: {=D11+F11} | K11: {=E11+G11}
A12: p03 | B12: 3 years | C12: 471779 | D12: 201122 | E12: 213459 | F12: 27707 | G12: 29491 | H12: {=E12+D12} | I12: {=G12+F12} | J12: {=D12+F12} | K12: {=E12+G12}
A13: p04 | B13: 4 years | C13: 491416 | D13: 210212 | E13: 221288 | F13: 29069 | G13: 30847 | H13: {=E13+D13} | I13: {=G13+F13} | J13: {=D13+F13} | K13: {=E13+G13}
A14: p05 | B14: 5 years | C14: 511769 | D14: 218688 | E14: 231752 | F14: 29698 | G14: 31631 | H14: {=E14+D14} | I14: {=G14+F14} | J14: {=D14+F14} | K14: {=E14+G14}
A15: p06 | B15: 6 years | C15: 532902 | D15: 227751 | E15: 241613 | F15: 30741 | G15: 32797 | H15: {=E15+D15} | I15: {=G15+F15} | J15: {=D15+F15} | K15: {=E15+G15}
A16: p07 | B16: 7 years | C16: 546389 | D16: 235369 | E16: 248294 | F16: 30153 | G16: 32573 | H16: {=E16+D16} | I16: {=G16+F16} | J16: {=D16+F16} | K16: {=E16+G16}
A17: p08 | B17: 8 years | C17: 557631 | D17: 240818 | E17: 255000 | F17: 29841 | G17: 31972 | H17: {=E17+D17} | I17: {=G17+F17} | J17: {=D17+F17} | K17: {=E17+G17}
A18: p09 | B18: 9 years | C18: 572187 | D18: 247842 | E18: 262545 | F18: 29953 | G18: 31847 | H18: {=E18+D18} | I18: {=G18+F18} | J18: {=D18+F18} | K18: {=E18+G18}
A19: p10 | B19: 10 years | C19: 577620 | D19: 251495 | E19: 266331 | F19: 28927 | G19: 30867 | H19: {=E19+D19} | I19: {=G19+F19} | J19: {=D19+F19} | K19: {=E19+G19}
A20: p11 | B20: 11 years | C20: 600403 | D20: 262271 | E20: 277888 | F20: 28942 | G20: 31302 | H20: {=E20+D20} | I20: {=G20+F20} | J20: {=D20+F20} | K20: {=E20+G20}
... A108: p99 | B108: 99 years and older | C108: 35442 | D108: 28791 | E108: 6259 | F108: 262 | G108: 130 | H108: {=E108+D108} | I108: {=G108+F108} | J108: {=D108+F108} | K108: {=E108+G108}
A109: pt | B109: Total | C109: 64224888 | D109: 30124502 | E109: 28846728 | F109: 2651008 | G109: 2602650 | H109: {=SUM(H9:H108)} | I109: {=SUM(I9:I108)} | J109: {=D109+F109} | K109: {=E109+G109}
A111: ps | B111: Source of the data (verbal) | C111: https://esploradati.istat.it/databrowser/#/en/dw/categories/IT1,POP,1.0 https://demo.istat.it/app/?i=STR&a=2024&l=en; downloaded 46115; foreigners (=citizenship)
B112: URLs, where the data was found | C112: https://data.statistik.gv.at/data/OGD_bevstandjbab2002_BevStand_2025.csv, https://www.statistik.at/fileadmin/pages/435/Tabellensammlung_Migrationshintergrund_2025.ods
B113: Date, when the data was downloaded | C113: 2026-05-20
B114: Manual remarks (not for AI!)
B115: Remarks of the AI (e.g. calculation) | C115: Bevölkerung zum Stichtag 01.01.2025. Einzelalter × Geschlecht aus STAT OGD-Würfel OGD_bevstandjbab2002_BevStand_2025 (POPREG, ZMR-basiert), aggregiert über alle Gemeinden (Datei OGD_bevstandjbab2002_BevStand_2025.csv, Aggregation per Skript scripts/04_aggregate_pop.py, Total male=4.532.880, female=4.664.333, gesamt=9.197.213). Migrationshintergrund-Anteil aus STAT Mikrozensus-Arbeitskräfteerhebung Jahresdurchschnitt 2025 (Tabellensammlung_Migrationshintergrund_2025.ods, Tabelle A1, Sektion 'Alter, Geschlecht'). MH-Anteile pro 5-Jahres-Altersgruppe × Geschlecht auf POPREG-Einzelalter angewendet (annahme: konstante MH-Quote innerhalb der Gruppe). MH-Definition: i.w.S. (beide Elternteile im Ausland geboren), inkl. 1. und 2. Generation. Approximations-Caveats: (a) Mikrozensus-Basis = Privathaushalte (9.043.700), POPREG = inkl. Anstaltsbevölkerung (9.197.213, Diff. ca. 153.500 = 1,7%); Anstaltsbevölkerung wird hier implizit als Native gerechnet (MH-Anteil dort unbekannt, vermutlich niedriger). (b) Mikrozensus = Jahresdurchschnitt 2025, POPREG = Stichtag 01.01.2025; leichte Zeitinkonsistenz.
B116: Internal remarks
B118: ✏️ | C118: Enter your data below and make sure that you adjust the formulas above, if necessary. If calculations are necessary, use the fields below for it and use formulas in the area above, to fill in the fields above exactly as intended.
B119: Population | C119: Calculation of the population
B121: 0 years | D121: 25915 | E121: 28009 | F121: 10804 | G121: 10978
B122: 1 years | D122: 26754 | E122: 28927 | F122: 11153 | G122: 11337
B123: 2 years | D123: 28913 | E123: 31157 | F123: 12054 | G123: 12212
B124: 3 years | D124: 30795 | E124: 32953 | F124: 12838 | G124: 12915
B125: 4 years | D125: 30175 | E125: 32410 | F125: 12579 | G125: 12702
B126: 5 years | D126: 30724 | E126: 32794 | F126: 12808 | G126: 12853
B127: 6 years | D127: 31243 | E127: 33386 | F127: 13025 | G127: 13085
B128: 7 years | D128: 31602 | E128: 34308 | F128: 13175 | G128: 13447
B129: 8 years | D129: 31962 | E129: 34393 | F129: 13324 | G129: 13480
B130: 9 years | D130: 30951 | E130: 33517 | F130: 12903 | G130: 13137
B131: 10 years | D131: 30866 | E131: 33433 | F131: 12868 | G131: 13103
B132: 11 years | D132: 30104 | E132: 32584 | F132: 12550 | G132: 12771
... B220: 99 years and older | D220: 880 | E220: 211 | F220: 174 | G220: 39

Sheet births
A1: births
C2: aa | D2: nf | E2: nm | F2: mf | G2: mm | H2: na | I2: ma | J2: af | K2: am
B3: {=overview!C11&" / "&overview!C12} | C3: All | D3: Native Female | E3: Native Male | F3: Migrant Female | G3: Migrant Male | H3: Utility Native Male + Female | I3: Utility Migrant Male + Female | J3: Utility All Female | K3: Utility All Male | L3: Utility Other
B4: ⚠️ | C4: Do not add or delete lines until the next dark grey row below! The fields below are the fields used in other sheets and in the calculation. The address of these fields and their contents must remain always the same, so we can add calculations later!
B5: Fertility | C5: The values in this section are used to calculate the number of births in the population goups
A7: f | B7: Official fertility rate | D7: 0.53933116 | E7: 0.57066884 | F7: 0.54063142 | G7: 0.56936858
B8: Population of age 0 (=births) | C8: {=population!C9} | D8: {=population!D9} | E8: {=population!E9} | F8: {=population!F9} | G8: {=population!G9} | H8: {=population!H9} | I8: {=population!I9} | J8: {=population!J9} | K8: {=population!K9}
B9: Population of women of age 15-49 | D9: {=SUM(population!D24:D58)} | F9: {=SUM(population!F24:F58)}
B10: Factor: fertile women x fertility rate | C10: {=D10+F10} | D10: {=D9*D7} | F10: {=F9*F7}
A11: f00 | B11: Calculated births by fertility rate | C11: {=H11+I11} | D11: {=(D8+F8)*D10/C10} | E11: {=(E8+G8)*D10/C10} | F11: {=(D8+F8)*F10/C10} | G11: {=(E8+G8)*F10/C10} | H11: {=E11+D11} | I11: {=G11+F11} | J11: {=D11+F11} | K11: {=E11+G11}
A13: fs | B13: Source of the data (verbal) | C13: https://www.istat.it/en/press-release/births-and-fertility-of-the-resident-population-year-2024/ 1,79 for foreigners https://www.istat.it/en/press-release/births-and-fertility-of-the-resident-population-year-2024/; downloaded 46158
B14: URLs, where the data was found | C14: https://www.statistik.at/fileadmin/pages/410/Kap_H_Fertilitaet_2024.ods, https://www.statistik.at/statistiken/bevoelkerung-und-soziales/bevoelkerung/demographische-indikatoren-und-tafeln/demographische-querschnittsindikatoren, https://www.statistik.at/fileadmin/announcement/2025/02/20250226Geburtenbilanz2024.pdf
B15: Date, when the data was downloaded | C15: 2026-05-20
B16: Manual remarks (not for AI!)
B17: Remarks of the AI (e.g. calculation) | C17: TFR-Werte aus STAT Demographische Indikatoren Kapitel H Fertilität, Berichtsjahr 2024 (Datei Kap_H_Fertilitaet_2024.ods), Tabelle H9 'Gesamtfertilitätsrate nach Staatsangehörigkeit bzw. Herkunft der Mutter und Bundesländern', Zeile 'Österreich' (Spalte B): Frauen mit österr. Staatsangehörigkeit 1,216; Frauen mit nichtösterr. Staatsangehörigkeit 1,578. Methodische Approximation (CLAUDE.md §Fertilität): TFR-Migrant nach Staatsangehörigkeit (= Ausländer) wird auf gesamte Migrant-Population mit MH i.w.S. inkl. 2. Generation eingebürgert angewendet. Tendenz: TFR-Migrant-MH-i.w.S. liegt vermutlich leicht NIEDRIGER als 1,578 (2. Generation eingebürgert hat oft TFR näher an Native), d.h. Migrant-Geburten werden mit dieser Approximation leicht überschätzt. Cross-Check: TFR nach Herkunft (Tabelle H9 Zeile 'Frauen österr./nichtösterr. Herkunft') = 1,213/1,547 — sehr ähnliche Werte. TFR Insgesamt AT 2024 = 1,311 (laut H9 Zeile 'Insgesamt').
B18: Internal remarks
B20: Births | C20: The values in this section are used to calculate at which age of the mother the children are born
A22: b15 | B22: 15 years and younger age of the mother | C22: {=D22+E22+F22+G22} | D22: {=D$11*$H22/$H$57} | E22: {=E$11*$H22/$H$57} | F22: {=F$11*$I22/$I$57} | G22: {=G$11*$I22/$I$57} | H22: {=H74} | I22: {=I74} | J22: {=D22+F22} | K22: {=E22+G22}
A23: b16 | B23: 16 years age of the mother | C23: 2981.8338 | D23: 1278.8217 | E23: 1353.1273 | F23: 170.41322 | G23: 179.4715 | H23: {=H75} | I23: {=I75} | J23: {=D23+F23} | K23: {=E23+G23}
A24: b17 | B24: 17 years age of the mother | C24: 3587.8018 | D24: 1538.7038 | E24: 1628.1097 | F24: 205.04458 | G24: 215.94369 | H24: {=H76} | I24: {=I76} | J24: {=D24+F24} | K24: {=E24+G24}
A25: b18 | B25: 18 years age of the mother | C25: 4273.9603 | D25: 1832.9772 | E25: 1939.4818 | F25: 244.25887 | G25: 257.2424 | H25: {=H77} | I25: {=I77} | J25: {=D25+F25} | K25: {=E25+G25}
A26: b19 | B26: 19 years age of the mother | C26: 5040.685 | D26: 2161.8031 | E26: 2287.414 | F26: 288.07755 | G26: 303.39025 | H26: {=H78} | I26: {=I78} | J26: {=D26+F26} | K26: {=E26+G26}
A27: b20 | B27: 20 years age of the mother | C27: 5885.802 | D27: 2524.2492 | E27: 2670.92 | F27: 336.37639 | G27: 354.25641 | H27: {=H79} | I27: {=I79} | J27: {=D27+F27} | K27: {=E27+G27}
A28: b21 | B28: 21 years age of the mother | C28: 6804.2266 | D28: 2918.1348 | E28: 3087.6922 | F28: 388.86479 | G28: 409.53482 | H28: {=H80} | I28: {=I80} | J28: {=D28+F28} | K28: {=E28+G28}
A29: b22 | B29: 22 years age of the mother | C29: 7787.6947 | D29: 3339.9157 | E29: 3533.9805 | F29: 445.07046 | G29: 468.72809 | H29: {=H81} | I29: {=I81} | J29: {=D29+F29} | K29: {=E29+G29}
A30: b23 | B30: 23 years age of the mother | C30: 8824.6216 | D30: 3784.6234 | E30: 4004.5279 | F30: 504.33133 | G30: 531.13896 | H30: {=H82} | I30: {=I82} | J30: {=D30+F30} | K30: {=E30+G30}
A31: b24 | B31: 24 years age of the mother | C31: 9900.1162 | D31: 4245.8718 | E31: 4492.5769 | F31: 565.79636 | G31: 595.87115 | H31: {=H83} | I31: {=I83} | J31: {=D31+F31} | K31: {=E31+G31}
A32: b25 | B32: 25 years age of the mother | C32: 10996.172 | D32: 4715.9381 | E32: 4989.9563 | F32: 628.43646 | G32: 661.84087 | H32: {=H84} | I32: {=I84} | J32: {=D32+F32} | K32: {=E32+G32}
A33: b26 | B33: 26 years age of the mother | C33: 12092.045 | D33: 5185.9264 | E33: 5487.2531 | F33: 691.06615 | G33: 727.79964 | H33: {=H85} | I33: {=I85} | J33: {=D33+F33} | K33: {=E33+G33}
A34: b27 | B34: 27 years age of the mother | C34: 13164.824 | D34: 5646.0098 | E34: 5974.0695 | F34: 752.37594 | G34: 792.36833 | H34: {=H86} | I34: {=I86} | J34: {=D34+F34} | K34: {=E34+G34}
... A56: b49 | B56: 49 years and older age of the mother | C56: 6804.2266 | D56: 2918.1348 | E56: 3087.6922 | F56: 388.86479 | G56: 409.53482 | H56: {=H108} | I56: {=I108} | J56: {=D56+F56} | K56: {=E56+G56}
A57: bt | B57: Total | C57: {=SUM(C22:C56)} | D57: {=SUM(D22:D56)} | E57: {=SUM(E22:E56)} | F57: {=SUM(F22:F56)} | G57: {=SUM(G22:G56)} | H57: {=SUM(H22:H56)} | I57: {=SUM(I22:I56)} | J57: {=SUM(J22:J56)} | K57: {=SUM(K22:K56)}
A59: bs | B59: Source of the data (verbal) | C59: {=IF(C60="","?",C60)&IF(C61="","","; downloaded "&C61)&IF(C62="","","; "&C62)}
B60: URLs, where the data was found | C60: Quelle wie Fertility-Sektion oben, siehe C14. https://www.statistik.at/fileadmin/pages/410/Kap_H_Fertilitaet_2024.ods, https://www.statistik.at/statistiken/bevoelkerung-und-soziales/bevoelkerung/demographische-indikatoren-und-tafeln/demographische-querschnittsindikatoren, https://www.statistik.at/fileadmin/announcement/2025/02/20250226Geburtenbilanz2024.pdf
B61: Date, when the data was downloaded | C61: 2026-05-20
B62: Manual remarks (not for AI!)
B63: Remarks of the AI (e.g. calculation) | C63: Altersspezifische Aufschlüsselung der Geburten pro Alter × NAT/MIG (H74:H108 = Native total, I74:I108 = Migrant total) aus STAT Tabelle H6 'Altersspezifische Fertilitätsraten nach Staatsangehörigkeitsgruppen' (Kap_H_Fertilitaet_2024.ods), Spalten 3 (Native = Frauen mit österr. Staatsangehörigkeit) und 4 (Migrant = nicht-österr.) — ASFR pro 1000 Frauen × Population per Einzelalter (Native: pop.D[121+age], Migrant: pop.F[121+age]) → absolute Geburten pro Alter × NAT/MIG. Sex-Aufteilung in Display-Zeilen 22-56 erfolgt via Vorlagen-Formel D22/E22 = D11/E11 × H22/H57 (distribuiert Total-Native-Geburten anteilig). Cross-Check: ASFR-Sum Native 1.215,7 (Referenz H9: 1.216), ASFR-Sum Migrant 1.578,3 (Referenz H9: 1.578) — exakte Übereinstimmung mit TFR. Die Default-Vorlagen-Kurve L74:L108 (symmetrisch, Peak Alter 32) wird durch H/I überschrieben — H/I sind genauere AT-2024-Daten (Migrant peakt früher bei 25-30, Native bei 32). Methodisch identisch zur TFR-Approximation oben (Staatsangehörigkeit auf MH i.w.S. angewendet). Quelle wie Fertility-Sektion oben (Kap_H_Fertilitaet_2024.ods), siehe C14.
B64: Internal remarks
B66: ✏️ | C66: Enter your data below and make sure that you adjust the formulas above, if necessary. If calculations are necessary, use the fields below for it and use formulas in the area above, to fill in the fields above exactly as intended.
B67: Births | C67: Calculation of the births
B68: Use the fields of this row, if numbers for age, natives/migrants are known
B69: Use the fields of this row, if numbers for age are known (but not natives/migrants) | H69: {=J69*H$11/$C$11} | I69: {=J69*I$11/$C$11}
B70: Use the fields of this row, if numbers for natives/migrants are known (but not age) | H70: {=H$72*$L70} | I70: {=I$72*$L70}
B71: Use the fields of this row, if only the total of births is known | H71: {=J71*H$11/$C$11} | I71: {=J71*I$11/$C$11} | J71: {=L71*J$11/$C$11}
B72: If no age specific numbers are found enter the available values here
B74: 15 years and younger age of the mother | H74: 11 | I74: 9 | L74: 0.0007836476
B75: 16 years age of the mother | H75: 17 | I75: 33 | L75: 0.0013100234
B76: 17 years age of the mother | H76: 41 | I76: 92 | L76: 0.002122817
B77: 18 years age of the mother | H77: 92 | I77: 225 | L77: 0.0033344277
B78: 19 years age of the mother | H78: 174 | I78: 394 | L78: 0.0050769784
B79: 20 years age of the mother | H79: 278 | I79: 604 | L79: 0.0074931527
B80: 21 years age of the mother | H80: 435 | I80: 840 | L80: 0.010720107
B81: 22 years age of the mother | H81: 603 | I81: 1004 | L81: 0.014866506
B82: 23 years age of the mother | H82: 785 | I82: 1232 | L82: 0.01998453
B83: 24 years age of the mother | H83: 1177 | I83: 1417 | L83: 0.026040796
B84: 25 years age of the mother | H84: 1473 | I84: 1499 | L84: 0.032891964
B85: 26 years age of the mother | H85: 1891 | I85: 1634 | L85: 0.040271762
... B108: 49 years and older age of the mother | H108: 25 | I108: 20 | L108: 0.0007836475
L109: {=SUM(L74:L108)}

Sheet deaths
A1: deaths
C2: aa | D2: nf | E2: nm | F2: mf | G2: mm | H2: na | I2: ma | J2: af | K2: am
B3: {=overview!C11&" / "&overview!C12} | C3: All | D3: Native Female | E3: Native Male | F3: Migrant Female | G3: Migrant Male | H3: Utility Native Male + Female | I3: Utility Migrant Male + Female | J3: Utility All Female | K3: Utility All Male | L3: Utility Other
B4: ⚠️ | C4: Do not add or delete lines until the next dark grey row below! The fields below are the fields used in other sheets and in the calculation. The address of these fields and their contents must remain always the same, so we can add calculations later!
B5: Deaths | C5: This table is needed to calculate the Leslie matrix
A7: d00 | B7: 0 years age of the deceased | C7: 222.8 | D7: 78.8 | E7: 105.4 | F7: 18 | G7: 20.6 | H7: {=E7+D7} | I7: {=G7+F7} | J7: {=D7+F7} | K7: {=E7+G7}
A8: d01 | B8: 1 years age of the deceased | C8: 222.8 | D8: 78.8 | E8: 105.4 | F8: 18 | G8: 20.6 | H8: {=E8+D8} | I8: {=G8+F8} | J8: {=D8+F8} | K8: {=E8+G8}
A9: d02 | B9: 2 years age of the deceased | C9: 222.8 | D9: 78.8 | E9: 105.4 | F9: 18 | G9: 20.6 | H9: {=E9+D9} | I9: {=G9+F9} | J9: {=D9+F9} | K9: {=E9+G9}
A10: d03 | B10: 3 years age of the deceased | C10: 222.8 | D10: 78.8 | E10: 105.4 | F10: 18 | G10: 20.6 | H10: {=E10+D10} | I10: {=G10+F10} | J10: {=D10+F10} | K10: {=E10+G10}
A11: d04 | B11: 4 years age of the deceased | C11: 222.8 | D11: 78.8 | E11: 105.4 | F11: 18 | G11: 20.6 | H11: {=E11+D11} | I11: {=G11+F11} | J11: {=D11+F11} | K11: {=E11+G11}
A12: d05 | B12: 5 years age of the deceased | C12: 33.6 | D12: 13.6 | E12: 12.4 | F12: 4.2 | G12: 3.4 | H12: {=E12+D12} | I12: {=G12+F12} | J12: {=D12+F12} | K12: {=E12+G12}
A13: d06 | B13: 6 years age of the deceased | C13: 33.6 | D13: 13.6 | E13: 12.4 | F13: 4.2 | G13: 3.4 | H13: {=E13+D13} | I13: {=G13+F13} | J13: {=D13+F13} | K13: {=E13+G13}
A14: d07 | B14: 7 years age of the deceased | C14: 33.6 | D14: 13.6 | E14: 12.4 | F14: 4.2 | G14: 3.4 | H14: {=E14+D14} | I14: {=G14+F14} | J14: {=D14+F14} | K14: {=E14+G14}
A15: d08 | B15: 8 years age of the deceased | C15: 33.6 | D15: 13.6 | E15: 12.4 | F15: 4.2 | G15: 3.4 | H15: {=E15+D15} | I15: {=G15+F15} | J15: {=D15+F15} | K15: {=E15+G15}
A16: d09 | B16: 9 years age of the deceased | C16: 33.6 | D16: 13.6 | E16: 12.4 | F16: 4.2 | G16: 3.4 | H16: {=E16+D16} | I16: {=G16+F16} | J16: {=D16+F16} | K16: {=E16+G16}
A17: d10 | B17: 10 years age of the deceased | C17: 44 | D17: 18.4 | E17: 19.2 | F17: 1.6 | G17: 4.8 | H17: {=E17+D17} | I17: {=G17+F17} | J17: {=D17+F17} | K17: {=E17+G17}
A18: d11 | B18: 11 years age of the deceased | C18: 44 | D18: 18.4 | E18: 19.2 | F18: 1.6 | G18: 4.8 | H18: {=E18+D18} | I18: {=G18+F18} | J18: {=D18+F18} | K18: {=E18+G18}
... A106: d99 | B106: 99 years and older age of the deceased | C106: 12121.2 | D106: 9030 | E106: 3054.6 | F106: 28.2 | G106: 8.4 | H106: {=E106+D106} | I106: {=G106+F106} | J106: {=D106+F106} | K106: {=E106+G106}
A107: dt | B107: Total | C107: {=SUM(C7:C106)} | D107: {=SUM(D7:D106)} | E107: {=SUM(E7:E106)} | F107: {=SUM(F7:F106)} | G107: {=SUM(G7:G106)} | H107: {=SUM(H7:H106)} | I107: {=SUM(I7:I106)} | J107: {=D107+F107} | K107: {=E107+G107}
A109: ds | B109: Source of the data (verbal) | C109: https://esploradati.istat.it/databrowser/#/en/dw/categories/IT1,POP,1.0/POP_MORTALITY/DCIS_DECESSI/IT1,26_29_DF_DCIS_DECESSI_2,1.0; downloaded 46115; the data is available only in 5 year batches, so we calculated the numbers per age by dividing the batches
B110: URLs, where the data was found | C110: https://www.statistik.at/statistiken/bevoelkerung-und-soziales/bevoelkerung/gestorbene/demographische-merkmale-von-gestorbenen, https://www.statistik.at/fileadmin/pages/428/neu_Gestorbene__nach__demographischen__Merkmalen.ods
B111: Date, when the data was downloaded | C111: 2026-05-20
B112: Manual remarks (not for AI!)
B113: Remarks of the AI (e.g. calculation) | C113: Gestorbene 2024 Einzelalter nach Geschlecht aus STAT 'Gestorbene nach demographischen Merkmalen' (Datei neu_Gestorbene_nach_demographischen_Merkmalen.ods), Tabelle_11 'Gestorbene nach Altersjahr, Familienstand und Geschlecht 2024', Spalten 2 (Männer) und 3 (Frauen) der Total-Spalte 'Gestorbene insgesamt'. Altersgruppen 'Unter 1' → Alter 0, 'X bis unter X+1' → Alter X, '99-110+' aggregiert auf Alter 99+. Total male=44036 (STAT: 44.036), female=44450 (STAT: 44.450). NAT/MIG-Split (CLAUDE.md §Sterbe): anteilig zur Pop-Struktur pro Alter × Geschlecht (deaths_native = deaths_total × pop_native / pop_total). Annahme: einheitliche Sterbetafel für Native und Migrant — ignoriert den Healthy-Migrant-Effekt (jüngere Migranten haben in Realität günstigere Sterbestatistik) und ggf. ungünstigere Sterbestatistik in Hochaltrigengruppen. STAT publiziert Sterbefälle nicht standardmäßig nach MH i.w.S. (Tabelle 8 hat Geburtsland AT/EU/sonstige, aber nicht auf MH-Definition mappbar). Aggregat-Sums: Native-F 36695, Native-M 36362, Migrant-F 7755, Migrant-M 7674.
B114: Internal remarks
B116: ✏️ | C116: Enter your data below and make sure that you adjust the formulas above, if necessary. If calculations are necessary, use the fields below for it and use formulas in the area above, to fill in the fields above exactly as intended.
B117: Deaths | C117: Calculation of the deaths
B119: 0 years | D119: 79 | E119: 89 | F119: 33 | G119: 35
B120: 1 years | D120: 5 | E120: 6 | F120: 2 | G120: 2
B121: 2 years | D121: 4 | E121: 2 | F121: 1 | G121: 1
B122: 3 years | D122: 4 | E122: 6 | F122: 1 | G122: 3
B123: 4 years | D123: 1 | E123: 3 | F123: 1 | G123: 1
B124: 5 years | D124: 3 | E124: 6 | F124: 1 | G124: 2
B125: 6 years | D125: 3 | E125: 4 | F125: 1 | G125: 1
B126: 7 years | D126: 3 | E126: 4 | F126: 1 | G126: 2
B127: 8 years | D127: 1 | E127: 1 | F127: 1 | G127: 1
B128: 9 years | D128: 2 | E128: 1 | F128: 1 | G128: 1
B129: 10 years | D129: 2 | E129: 1 | F129: 1 | G129: 1
B130: 11 years | D130: 0 | E130: 1 | F130: 0 | G130: 1
... B218: 99 years and older | D218: 1041 | E218: 206 | F218: 206 | G218: 38

Sheet migration
A1: migration
C2: aa | D2: nf | E2: nm | F2: mf | G2: mm | H2: na | I2: ma | J2: af | K2: am
B3: {=overview!C11&" / "&overview!C12} | C3: All | D3: Native Female | E3: Native Male | F3: Migrant Female | G3: Migrant Male | H3: Utility Native Male + Female | I3: Utility Migrant Male + Female | J3: Utility All Female | K3: Utility All Male | L3: Utility Other
B4: ⚠️ | C4: Do not add or delete lines until the next dark grey row below! The fields below are the fields used in other sheets and in the calculation. The address of these fields and their contents must remain always the same, so we can add calculations later!
B5: Migration balance | C5: This is the total of immigrations (into the country) minus emigration (out of the country)
B7: Year of the last migration numbers | C7: 2024
A9: ma | B9: Avarage migration balance (10 years) | C9: 184624 | D9: -27092.4 | E9: -31884.1 | F9: 106875.2 | G9: 136725.3 | H9: {=E9+D9} | I9: {=G9+F9} | J9: {=D9+F9} | K9: {=E9+G9}
A11: m00 | B11: 0 years | C11: 0 | D11: 0 | E11: 0 | F11: 0 | G11: 0 | H11: {=E11+D11} | I11: {=G11+F11} | J11: {=D11+F11} | K11: {=E11+G11}
A12: m01 | B12: 1 years | C12: 0 | D12: 0 | E12: 0 | F12: 0 | G12: 0 | H12: {=E12+D12} | I12: {=G12+F12} | J12: {=D12+F12} | K12: {=E12+G12}
A13: m02 | B13: 2 years | C13: 0 | D13: 0 | E13: 0 | F13: 0 | G13: 0 | H13: {=E13+D13} | I13: {=G13+F13} | J13: {=D13+F13} | K13: {=E13+G13}
A14: m03 | B14: 3 years | C14: 0 | D14: 0 | E14: 0 | F14: 0 | G14: 0 | H14: {=E14+D14} | I14: {=G14+F14} | J14: {=D14+F14} | K14: {=E14+G14}
A15: m04 | B15: 4 years | C15: 0 | D15: 0 | E15: 0 | F15: 0 | G15: 0 | H15: {=E15+D15} | I15: {=G15+F15} | J15: {=D15+F15} | K15: {=E15+G15}
A16: m05 | B16: 5 years | C16: 0 | D16: 0 | E16: 0 | F16: 0 | G16: 0 | H16: {=E16+D16} | I16: {=G16+F16} | J16: {=D16+F16} | K16: {=E16+G16} | L16: 0.0001247127
A17: m06 | B17: 6 years | C17: 1276.6229 | D17: -187.3363 | E17: -220.46955 | F17: 739.01185 | G17: 945.41687 | H17: {=E17+D17} | I17: {=G17+F17} | J17: {=D17+F17} | K17: {=E17+G17} | L17: 0.0002035291
A18: m07 | B18: 7 years | C18: 1536.0581 | D18: -225.40677 | E18: -265.27336 | F18: 889.19378 | G18: 1137.5444 | H18: {=E18+D18} | I18: {=G18+F18} | J18: {=D18+F18} | K18: {=E18+G18} | L18: 0.000325446
A19: m08 | B19: 8 years | C19: 1829.8255 | D19: -268.51528 | E19: -316.00626 | F19: 1059.25 | G19: 1355.0971 | H19: {=E19+D19} | I19: {=G19+F19} | J19: {=D19+F19} | K19: {=E19+G19} | L19: 0.0005098804
A20: m09 | B20: 9 years | C20: 2158.086 | D20: -316.68542 | E20: -372.69602 | F20: 1249.2735 | G20: 1598.1939 | H20: {=E20+D20} | I20: {=G20+F20} | J20: {=D20+F20} | K20: {=E20+G20} | L20: 0.0007826985
A21: m10 | B21: 10 years | C21: 2519.9089 | D21: -369.78063 | E21: -435.18192 | F21: 1458.7257 | G21: 1866.1458 | H21: {=E21+D21} | I21: {=G21+F21} | J21: {=D21+F21} | K21: {=E21+G21} | L21: 0.0011772198
A22: m11 | B22: 11 years | C22: 2913.1172 | D22: -427.48146 | E22: -503.08801 | F22: 1686.3462 | G22: 2157.3405 | H22: {=E22+D22} | I22: {=G22+F22} | J22: {=D22+F22} | K22: {=E22+G22} | L22: 0.0017348322
A23: m12 | B23: 12 years | C23: 3334.1728 | D23: -489.2687 | E23: -575.80325 | F23: 1930.087 | G23: 2469.1577 | H23: {=E23+D23} | I23: {=G23+F23} | J23: {=D23+F23} | K23: {=E23+G23} | L23: 0.002504922
A24: m13 | B24: 13 years | C24: 3778.1159 | D24: -554.41453 | E24: -652.47111 | F24: 2187.077 | G24: 2797.9246 | H24: {=E24+D24} | I24: {=G24+F24} | J24: {=D24+F24} | K24: {=E24+G24} | L24: 0.0035437886
A25: m14 | B25: 14 years | C25: 4238.5712 | D25: -621.98341 | E25: -731.99057 | F25: 2453.6254 | G25: 3138.9197 | H25: {=E25+D25} | I25: {=G25+F25} | J25: {=D25+F25} | K25: {=E25+G25} | L25: 0.004912225
A26: m15 | B26: 15 years | C26: 4707.8293 | D26: -690.84406 | E26: -813.03026 | F26: 2725.2697 | G26: 3486.4339 | H26: {=E26+D26} | I26: {=G26+F26} | J26: {=D26+F26} | K26: {=E26+G26} | L26: 0.0066715315
A27: m16 | B27: 16 years | C27: 5177.0094 | D27: -759.69327 | E27: -894.0565 | F27: 2996.8689 | G27: 3833.8903 | H27: {=E27+D27} | I27: {=G27+F27} | J27: {=D27+F27} | K27: {=E27+G27} | L27: 0.0088778883
... A65: m54 | B65: 54 years | C65: 0 | D65: 0 | E65: 0 | F65: 0 | G65: 0 | H65: {=E65+D65} | I65: {=G65+F65} | J65: {=D65+F65} | K65: {=E65+G65} | L65: 0.0001247127
A66: m55 | B66: 55 years | C66: 0 | D66: 0 | E66: 0 | F66: 0 | G66: 0 | H66: {=E66+D66} | I66: {=G66+F66} | J66: {=D66+F66} | K66: {=E66+G66}
A67: m56 | B67: 56 years | C67: 0 | D67: 0 | E67: 0 | F67: 0 | G67: 0 | H67: {=E67+D67} | I67: {=G67+F67} | J67: {=D67+F67} | K67: {=E67+G67}
A68: m57 | B68: 57 years | C68: 0 | D68: 0 | E68: 0 | F68: 0 | G68: 0 | H68: {=E68+D68} | I68: {=G68+F68} | J68: {=D68+F68} | K68: {=E68+G68}
A69: m58 | B69: 58 years | C69: 0 | D69: 0 | E69: 0 | F69: 0 | G69: 0 | H69: {=E69+D69} | I69: {=G69+F69} | J69: {=D69+F69} | K69: {=E69+G69}
A70: m59 | B70: 59 years | C70: 0 | D70: 0 | E70: 0 | F70: 0 | G70: 0 | H70: {=E70+D70} | I70: {=G70+F70} | J70: {=D70+F70} | K70: {=E70+G70}
A71: m60 | B71: 60 years | C71: 0 | D71: 0 | E71: 0 | F71: 0 | G71: 0 | H71: {=E71+D71} | I71: {=G71+F71} | J71: {=D71+F71} | K71: {=E71+G71}
A72: m61 | B72: 61 years | C72: 0 | D72: 0 | E72: 0 | F72: 0 | G72: 0 | H72: {=E72+D72} | I72: {=G72+F72} | J72: {=D72+F72} | K72: {=E72+G72}
A73: m62 | B73: 62 years | C73: 0 | D73: 0 | E73: 0 | F73: 0 | G73: 0 | H73: {=E73+D73} | I73: {=G73+F73} | J73: {=D73+F73} | K73: {=E73+G73}
A74: m63 | B74: 63 years | C74: 0 | D74: 0 | E74: 0 | F74: 0 | G74: 0 | H74: {=E74+D74} | I74: {=G74+F74} | J74: {=D74+F74} | K74: {=E74+G74}
A75: m64 | B75: 64 years | C75: 0 | D75: 0 | E75: 0 | F75: 0 | G75: 0 | H75: {=E75+D75} | I75: {=G75+F75} | J75: {=D75+F75} | K75: {=E75+G75}
A76: m65 | B76: 65 years | C76: 0 | D76: 0 | E76: 0 | F76: 0 | G76: 0 | H76: {=E76+D76} | I76: {=G76+F76} | J76: {=D76+F76} | K76: {=E76+G76}
A77: m66 | B77: 66 years | C77: 0 | D77: 0 | E77: 0 | F77: 0 | G77: 0 | H77: {=E77+D77} | I77: {=G77+F77} | J77: {=D77+F77} | K77: {=E77+G77}
... A110: m99 | B110: 99 years and older | C110: 0 | D110: 0 | E110: 0 | F110: 0 | G110: 0 | H110: {=E110+D110} | I110: {=G110+F110} | J110: {=D110+F110} | K110: {=E110+G110}
A111: mt | B111: Total | C111: {=SUM(C11:C110)} | D111: {=SUM(D11:D110)} | E111: {=SUM(E11:E110)} | F111: {=SUM(F11:F110)} | G111: {=SUM(G11:G110)} | H111: {=SUM(H11:H110)} | I111: {=SUM(I11:I110)} | J111: {=D111+F111} | K111: {=E111+G111}
A113: ms | B113: Source of the data (verbal) | C113: https://ec.europa.eu/eurostat/databrowser/view/migr_imm1ctz__custom_21284776/default/table; downloaded 46146; we used the 10-year average number of migrants (2015-2024); not for all countries age-related data is available so the number of migrants is binomially distributed between the age of 6 and 44 (μ=25, σ=10)
B114: URLs, where the data was found | C114: https://ec.europa.eu/eurostat/databrowser/view/migr_imm3ctb, https://ec.europa.eu/eurostat/databrowser/view/migr_emi4ctb, https://www.statistik.at/fileadmin/pages/432/Tabellensammlung_Aussenwanderungen_2024.ods
B115: Date, when the data was downloaded | C115: 2026-05-20
B116: Manual remarks (not for AI!) | C116: we used the 10-year average number of the migration balance (2015-2024); the numbers are binomially distributed between the age of 5 and 54
B117: Remarks of the AI (e.g. calculation) | C117: Wanderungsdaten 2008-2024 aus EUROSTAT migr_imm3ctb (Immigration by age, sex and country of birth) und migr_emi4ctb (Emigration by age, sex and country of birth), geo=AT. Native (D, E) = c_birth=AT (in Österreich Geborene zurückkehrend). Total (J, K) = c_birth=TOTAL. F, G werden via Vorlagen-Formel als J-D und K-E berechnet. Eurostat-Definition: Long-term migrant (≥12 Monate Wohnsitz) — STAT-Hauptwohnsitz-Definition (≥90 Tage) ist methodisch breiter; STAT-Werte liegen ca. 30-40 % höher als Eurostat. Wir nutzen Eurostat für 2008-2024 (durchgängige Geburtsland-Methodik). Jahre 2009-2010 und 2013: c_birth=AT in Eurostat nicht publiziert (Datenpunkte fehlen) — Native für diese Jahre leer. Jahre 1996-2007: STAT Wanderungsstatistik T1 nach Staatsangehörigkeit (Inländer/Ausländer); Methodenbruch zu Geburtsland-Methodik 2008+ — Eingebürgerte zählen vor 2008 als Inländer (Native), ab 2008 nach Geburtsland. Sex-Verteilung 1996-2007 via 2024-Sex-Ratios (T9) als Approximation. Jahre 1961-1995: T1 publiziert nur Saldo (kein Zu/Wegzug-Split) — Vorlagen-Format (Zu+Wegzug-Inputs) kann das nicht aufnehmen, daher Zeilen leer. Die historische Saldo-Information wird hier textlich konserviert (für V2-Modelle, die historische Reihen brauchen): Historischer Wanderungssaldo 1961-1995 aus STAT T1 (Spalten 2-4: Insgesamt / Inländer / Ausländer): | 1961: Tot -2679, Inl -6981, Ausl +4302 | 1962: Tot +1521, Inl -6174, Ausl +7695 | 1963: Tot +4744, Inl -5209, Ausl +9953 | 1964: Tot +3246, Inl -5937, Ausl +9183 | 1965: Tot +10518, Inl -6063, Ausl +16581 | 1966: Tot +19049, Inl -3173, Ausl +22222 | 1967: Tot +21712, Inl +3617, Ausl +18095 | 1968: Tot -6970, Inl -2676, Ausl -4294 | 1969: Tot +5512, Inl -12241, Ausl +17753 | 1970: Tot +10406, Inl -20161, Ausl +30567 | 1971: Tot +31727, Inl -15603, Ausl +47330 | 1972: Tot +35826, Inl -6637, Ausl +42463 | 1973: Tot +34018, Inl -5145, Ausl +39163 | 1974: Tot -16550, Inl +5833, Ausl -22383 | 1975: Tot -24543, Inl +5304, Ausl -29847 | 1976: Tot +7766, Inl +1149, Ausl +6617 | 1977: Tot +12545, Inl +41, Ausl +12504 | 1978: Tot -8774, Inl -207, Ausl -8567 | 1979: Tot -2146, Inl -5713, Ausl +3567 | 1980: Tot +9356, Inl -4856, Ausl +14212 | 1981: Tot +29519, Inl -3548, Ausl +33067 | 1982: Tot -23410, Inl -3576, Ausl -19834 | 1983: Tot -1627, Inl -4175, Ausl +2548 | 1984: Tot +2830, Inl -4616, Ausl +7446 | 1985: Tot +5641, Inl -5983, Ausl +11624 | 1986: Tot +6223, Inl -8511, Ausl +14734 | 1987: Tot +1871, Inl -10471, Ausl +12342 | 1988: Tot +13207, Inl -12496, Ausl +25703 | 1989: Tot +45151, Inl -13599, Ausl +58750 | 1990: Tot +58562, Inl -13133, Ausl +71695 | 1991: Tot +76816, Inl -7890, Ausl +84706 | 1992: Tot +71480, Inl -8591, Ausl +80071 | 1993: Tot +33517, Inl -8175, Ausl +41692 | 1994: Tot +3012, Inl -10197, Ausl +13209 | 1995: Tot +2080, Inl -8503, Ausl +10583 | Summe 1961-1995: Total +471156, Inl -214296, Ausl +685452 Jahre 1950-1960: nicht in STAT-Open-Data, leer. Jahr 2025 leer wegen Eurostat-Publikations-Lag. STAT-Vorläufige nicht verwendet, um Methodenkonsistenz im 10-J-Ø zu wahren. Stichjahr migration!C7=2024 (= letztes Eurostat-Jahr). 10-Jahres-Ø in Zeile 9 = 2015-2024 (vollständig Eurostat). Cross-Check vs. v2-Sheet (Lauf 2026-05-18, gleiche Eurostat-Methodik): 10-J-Ø Total +64.011 (deckungsgleich), Native -6.760 (v2: -6.684), Migrant +70.772 (v2: +70.694). Diff <0,2 % entspricht Eurostat-Datenrevisionen zwischen 18. und 20. Mai 2026.
B118: Internal remarks
B120: ✏️ | C120: Enter your data below and make sure that you adjust the formulas above, if necessary. If calculations are necessary, use the fields below for it and use formulas in the area above, to fill in the fields above exactly as intended.
B121: Immigration | C121: Fill in the numbers of people immigrating into this country here. For the calculation only the last 10 years are relevant. But we need the older values for later so we can calculate the numbers more correctly.
B123: {=$B124-1} | C123: {=H123+I123} | F123: {=J123-D123} | G123: {=K123-E123} | H123: {=E123+D123} | I123: {=G123+F123} | L123: 0.041870609
B124: {=$B125-1} | C124: {=H124+I124} | F124: {=J124-D124} | G124: {=K124-E124} | H124: {=E124+D124} | I124: {=G124+F124} | L124: 0.046368713
B125: {=$B126-1} | C125: {=H125+I125} | F125: {=J125-D125} | G125: {=K125-E125} | H125: {=E125+D125} | I125: {=G125+F125} | L125: 0.050312704
B126: {=$B127-1} | C126: {=H126+I126} | F126: {=J126-D126} | G126: {=K126-E126} | H126: {=E126+D126} | I126: {=G126+F126} | L126: 0.053489325
B127: {=$B128-1} | C127: {=H127+I127} | F127: {=J127-D127} | G127: {=K127-E127} | H127: {=E127+D127} | I127: {=G127+F127} | L127: 0.055717731
B128: {=$B129-1} | C128: {=H128+I128} | F128: {=J128-D128} | G128: {=K128-E128} | H128: {=E128+D128} | I128: {=G128+F128} | L128: 0.05686651
B129: {=$B130-1} | C129: {=H129+I129} | F129: {=J129-D129} | G129: {=K129-E129} | H129: {=E129+D129} | I129: {=G129+F129} | L129: 0.05686651
B130: {=$B131-1} | C130: {=H130+I130} | F130: {=J130-D130} | G130: {=K130-E130} | H130: {=E130+D130} | I130: {=G130+F130} | L130: 0.055717731
B131: {=$B132-1} | C131: {=H131+I131} | F131: {=J131-D131} | G131: {=K131-E131} | H131: {=E131+D131} | I131: {=G131+F131} | L131: 0.053489325
B132: {=$B133-1} | C132: {=H132+I132} | F132: {=J132-D132} | G132: {=K132-E132} | H132: {=E132+D132} | I132: {=G132+F132} | L132: 0.050312704
B133: {=$B134-1} | C133: {=H133+I133} | F133: {=J133-D133} | G133: {=K133-E133} | H133: {=E133+D133} | I133: {=G133+F133} | L133: 0.046368713
B134: {=$B135-1} | C134: {=H134+I134} | F134: {=J134-D134} | G134: {=K134-E134} | H134: {=E134+D134} | I134: {=G134+F134} | L134: 0.041870609
B135: {=$B136-1} | C135: {=H135+I135} | F135: {=J135-D135} | G135: {=K135-E135} | H135: -6981 | I135: 4302 | L135: 0.037045065
B136: {=$B137-1} | C136: {=H136+I136} | F136: {=J136-D136} | G136: {=K136-E136} | H136: -6174 | I136: 7695 | L136: 0.032113548
B137: {=$B138-1} | C137: {=H137+I137} | F137: {=J137-D137} | G137: {=K137-E137} | H137: -5209 | I137: 9953 | L137: 0.02727615
B138: {=$B139-1} | C138: {=H138+I138} | F138: {=J138-D138} | G138: {=K138-E138} | H138: -5937 | I138: 9183 | L138: 0.022699417
B139: {=$B140-1} | C139: {=H139+I139} | F139: {=J139-D139} | G139: {=K139-E139} | H139: -6063 | I139: 16581 | L139: 0.018509009
B140: {=$B141-1} | C140: {=H140+I140} | F140: {=J140-D140} | G140: {=K140-E140} | H140: -3173 | I140: 22222 | L140: 0.014787287
B141: {=$B142-1} | C141: {=H141+I141} | F141: {=J141-D141} | G141: {=K141-E141} | H141: 3617 | I141: 18095 | L141: 0.011575257
B142: {=$B143-1} | C142: {=H142+I142} | F142: {=J142-D142} | G142: {=K142-E142} | H142: -2676 | I142: -4294 | L142: 0.0088778883
B143: {=$B144-1} | C143: {=H143+I143} | F143: {=J143-D143} | G143: {=K143-E143} | H143: -12241 | I143: 17753 | L143: 0.0066715315
B144: {=$B145-1} | C144: {=H144+I144} | F144: {=J144-D144} | G144: {=K144-E144} | H144: -20161 | I144: 30567 | L144: 0.004912225
B145: {=$B146-1} | C145: {=H145+I145} | F145: {=J145-D145} | G145: {=K145-E145} | H145: -15603 | I145: 47330 | L145: 0.0035437886
B146: {=$B147-1} | C146: {=H146+I146} | F146: {=J146-D146} | G146: {=K146-E146} | H146: -6637 | I146: 42463 | L146: 0.002504922
... B153: {=$B154-1} | C153: {=H153+I153} | F153: {=J153-D153} | G153: {=K153-E153} | H153: -5713 | I153: 3567 | L153: 0.0001247127
B154: {=$B155-1} | C154: {=H154+I154} | F154: {=J154-D154} | G154: {=K154-E154} | H154: -4856 | I154: 14212
B155: {=$B156-1} | C155: {=H155+I155} | F155: {=J155-D155} | G155: {=K155-E155} | H155: -3548 | I155: 33067
B156: {=$B157-1} | C156: {=H156+I156} | F156: {=J156-D156} | G156: {=K156-E156} | H156: -3576 | I156: -19834
B157: {=$B158-1} | C157: {=H157+I157} | F157: {=J157-D157} | G157: {=K157-E157} | H157: -4175 | I157: 2548
B158: {=$B159-1} | C158: {=H158+I158} | F158: {=J158-D158} | G158: {=K158-E158} | H158: -4616 | I158: 7446
B159: {=$B160-1} | C159: {=H159+I159} | F159: {=J159-D159} | G159: {=K159-E159} | H159: -5983 | I159: 11624
B160: {=$B161-1} | C160: {=H160+I160} | F160: {=J160-D160} | G160: {=K160-E160} | H160: -8511 | I160: 14734
B161: {=$B162-1} | C161: {=H161+I161} | F161: {=J161-D161} | G161: {=K161-E161} | H161: -10471 | I161: 12342
B162: {=$B163-1} | C162: {=H162+I162} | F162: {=J162-D162} | G162: {=K162-E162} | H162: -12496 | I162: 25703
B163: {=$B164-1} | C163: {=H163+I163} | F163: {=J163-D163} | G163: {=K163-E163} | H163: -13599 | I163: 58750
B164: {=$B165-1} | C164: {=H164+I164} | F164: {=J164-D164} | G164: {=K164-E164} | H164: -13133 | I164: 71695
B165: {=$B166-1} | C165: {=H165+I165} | F165: {=J165-D165} | G165: {=K165-E165} | H165: -7890 | I165: 84706
... B169: {=$B170-1} | C169: {=H169+I169} | F169: {=J169-D169} | G169: {=K169-E169} | H169: -8503 | I169: 10583
B170: {=$B171-1} | C170: {=H170+I170} | D170: 5255 | E170: 7575 | F170: {=J170-D170} | G170: {=K170-E170} | H170: {=E170+D170} | I170: {=G170+F170} | J170: 32181 | K170: 37749
B171: {=$B172-1} | C171: {=H171+I171} | D171: 5417 | E171: 7810 | F171: {=J171-D171} | G171: {=K171-E171} | H171: {=E171+D171} | I171: {=G171+F171} | J171: 32246 | K171: 37876
B172: {=$B173-1} | C172: {=H172+I172} | D172: 5527 | E172: 7967 | F172: {=J172-D172} | G172: {=K172-E172} | H172: {=E172+D172} | I172: {=G172+F172} | J172: 33457 | K172: 39266
B173: {=$B174-1} | C173: {=H173+I173} | D173: 5870 | E173: 8461 | F173: {=J173-D173} | G173: {=K173-E173} | H173: {=E173+D173} | I173: {=G173+F173} | J173: 40001 | K173: 46709
B174: {=$B175-1} | C174: {=H174+I174} | D174: 5457 | E174: 7867 | F174: {=J174-D174} | G174: {=K174-E174} | H174: {=E174+D174} | I174: {=G174+F174} | J174: 36558 | K174: 42720
B175: {=$B176-1} | C175: {=H175+I175} | F175: {=J175-D175} | G175: {=K175-E175} | H175: {=E175+D175} | I175: {=G175+F175}
B176: {=$B177-1} | C176: {=H176+I176} | D176: 9003 | E176: 12978 | F176: {=J176-D176} | G176: {=K176-E176} | H176: {=E176+D176} | I176: {=G176+F176} | J176: 49625 | K176: 58500
B177: {=$B178-1} | C177: {=H177+I177} | D177: 7589 | E177: 10939 | F177: {=J177-D177} | G177: {=K177-E177} | H177: {=E177+D177} | I177: {=G177+F177} | J177: 51605 | K177: 60264
B178: {=$B179-1} | C178: {=H178+I178} | D178: 7496 | E178: 10805 | F178: {=J178-D178} | G178: {=K178-E178} | H178: {=E178+D178} | I178: {=G178+F178} | J178: 56654 | K178: 65893
B179: {=$B180-1} | C179: {=H179+I179} | D179: 6746 | E179: 9724 | F179: {=J179-D179} | G179: {=K179-E179} | H179: {=E179+D179} | I179: {=G179+F179} | J179: 52957 | K179: 61508
B180: {=$B181-1} | C180: {=H180+I180} | D180: 6404 | E180: 9232 | F180: {=J180-D180} | G180: {=K180-E180} | H180: {=E180+D180} | I180: {=G180+F180} | J180: 45496 | K180: 53039
B181: {=$B182-1} | C181: {=H181+I181} | D181: 6113 | E181: 8811 | F181: {=J181-D181} | G181: {=K181-E181} | H181: {=E181+D181} | I181: {=G181+F181} | J181: 49283 | K181: 57187
B182: {=$B183-1} | C182: {=H182+I182} | D182: 2489 | E182: 4373 | F182: {=J182-D182} | G182: {=K182-E182} | H182: {=E182+D182} | I182: {=G182+F182} | J182: 35800 | K182: 37972
B183: {=$B184-1} | C183: {=H183+I183} | F183: {=J183-D183} | G183: {=K183-E183} | H183: {=E183+D183} | I183: {=G183+F183} | J183: 33019 | K183: 36276
B184: {=$B185-1} | C184: {=H184+I184} | F184: {=J184-D184} | G184: {=K184-E184} | H184: {=E184+D184} | I184: {=G184+F184} | J184: 33863 | K184: 37115
...

Sheet origin
A1: origin
C2: aa | D2: nf | E2: nm | F2: mf | G2: mm | H2: na | I2: ma | J2: af | K2: am
B3: {=overview!C11&" / "&overview!C12} | C3: All | D3: Native Female | E3: Native Male | F3: Migrant Female | G3: Migrant Male | H3: Utility Native Male + Female | I3: Utility Migrant Male + Female | J3: Utility All Female | K3: Utility All Male | L3: Utility Other
B4: ✏️ | C4: Enter your data below and make sure that you adjust the formulas above, if necessary. If calculations are necessary, use the fields below for it and use formulas in the area above, to fill in the fields above exactly as intended.
B5: Origin of Migrants | C5: This table contains the countries the current migrants come from.
B7: Year of the numbers | C7: 2025
B9: Europe
A10: c1ad | B10: Andorra | C10: AD | F10: 5 | G10: 4 | I10: {=G10+F10}
A11: c1al | B11: Albania | C11: AL | F11: 202692 | G11: 213537 | I11: {=G11+F11}
A12: c1at | B12: Austria | C12: AT | F12: 4396 | G12: 2039 | I12: {=G12+F12}
A13: c1ax | B13: Åland Islands | C13: AX | I13: {=G13+F13}
A14: c1ba | B14: Bosnia and Herzegovina | C14: BA | F14: 9399 | G14: 10178 | I14: {=G14+F14}
A15: c1be | B15: Belgium | C15: BE | F15: 3492 | G15: 2784 | I15: {=G15+F15}
A16: c1bg | B16: Bulgaria | C16: BG | F16: 30155 | G16: 18504 | I16: {=G16+F16}
A17: c1by | B17: Belarus | C17: BY | F17: 7494 | G17: 2011 | I17: {=G17+F17}
A18: c1ch | B18: Switzerland | C18: CH | F18: 4487 | G18: 3307 | I18: {=G18+F18}
A19: c1cz | B19: Czechia[i] | C19: CZ | F19: 4432 | G19: 1026 | I19: {=G19+F19}
A20: c1de | B20: Germany | C20: DE | F20: 21563 | G20: 13541 | I20: {=G20+F20}
A21: c1dk | B21: Denmark | C21: DK | F21: 1150 | G21: 828 | I21: {=G21+F21}
A22: c1ee | B22: Estonia | C22: EE | F22: 1008 | G22: 224 | I22: {=G22+F22}
A23: c1es | B23: Spain | C23: ES | F23: 18819 | G23: 10113 | I23: {=G23+F23}
A24: c1fi | B24: Finland | C24: FI | F24: 1214 | G24: 379 | I24: {=G24+F24}
A25: c1fo | B25: Faroe Islands (the) | C25: FO | F25: 0 | G25: 1 | I25: {=G25+F25}
... A27: c1gb | B27: United Kingdom of Great Britain and Northern Ireland (the) | C27: GB | F27: 13602 | G27: 12600 | I27: {=G27+F27}
A28: c1gg | B28: Guernsey | C28: GG | I28: {=G28+F28}
A29: c1gi | B29: Gibraltar | C29: GI | F29: 4 | G29: 6 | I29: {=G29+F29}
A30: c1gr | B30: Greece | C30: GR | F30: 3949 | G30: 3651 | I30: {=G30+F30}
A31: c1hr | B31: Croatia | C31: HR | F31: 7879 | G31: 7470 | I31: {=G31+F31}
A32: c1hu | B32: Hungary | C32: HU | F32: 5852 | G32: 2207 | I32: {=G32+F32}
A33: c1ie | B33: Ireland | C33: IE | F33: 1982 | G33: 1971 | I33: {=G33+F33}
A34: c1im | B34: Isle of Man | C34: IM | I34: {=G34+F34}
A35: c1is | B35: Iceland | C35: IS | F35: 92 | G35: 78 | I35: {=G35+F35}
A36: c1it | B36: Italy | C36: IT | F36: 17547 | G36: 21330 | I36: {=G36+F36}
A37: c1je | B37: Jersey | C37: JE | I37: {=G37+F37}
A38: c1li | B38: Liechtenstein | C38: LI | F38: 13 | G38: 10 | I38: {=G38+F38}
A39: c1lt | B39: Lithuania | C39: LT | F39: 4243 | G39: 1049 | I39: {=G39+F39}
A40: c1lu | B40: Luxembourg | C40: LU | F40: 154 | G40: 138 | I40: {=G40+F40}
A41: c1lv | B41: Latvia | C41: LV | F41: 2324 | G41: 585 | I41: {=G41+F41}
A42: c1mc | B42: Monaco | C42: MC | F42: 14 | G42: 19 | I42: {=G42+F42}
A43: c1md | B43: Moldova (the Republic of) | C43: MD | F43: 68129 | G43: 34538 | I43: {=G43+F43}
A44: c1me | B44: Montenegro | C44: ME | F44: 1083 | G44: 918 | I44: {=G44+F44}
A45: c1mk | B45: North Macedonia | C45: MK | F45: 24021 | G45: 25345 | I45: {=G45+F45}
A46: c1mt | B46: Malta | C46: MT | F46: 516 | G46: 383 | I46: {=G46+F46}
A47: c1nl | B47: Netherlands (Kingdom of the) | C47: NL | F47: 4989 | G47: 4228 | I47: {=G47+F47}
A48: c1no | B48: Norway | C48: NO | F48: 611 | G48: 507 | I48: {=G48+F48}
A49: c1pl | B49: Poland | C49: PL | F49: 54554 | G49: 18766 | I49: {=G49+F49}
... A55: c1si | B55: Slovenia | C55: SI | F55: 1656 | G55: 1786 | I55: {=G55+F55}
A56: c1sj | B56: Norway | C56: SJ | I56: {=G56+F56}
A57: c1sk | B57: Slovakia | C57: SK | F57: 6262 | G57: 2105 | I57: {=G57+F57}
A58: c1sm | B58: San Marino | C58: SM | F58: 502 | G58: 727 | I58: {=G58+F58}
A59: c1ua | B59: Ukraine[ad] | C59: UA | F59: 207353 | G59: 66131 | I59: {=G59+F59}
A60: c1va | B60: Vatican | C60: VA | F60: 3 | G60: 6 | I60: {=G60+F60}
A61: c1xk | B61: Kosovo | C61: XK | F61: 16086 | G61: 19960 | I61: {=G61+F61}
A62: c1 | B62: Europe | F62: 1414796 | G62: 991235 | I62: {=SUM(I10:I61)}
B64: North America
A65: c2ag | B65: Antigua and Barbuda | C65: AG | F65: 9 | G65: 12 | I65: {=G65+F65}
A66: c2ai | B66: Anguilla | C66: AI | I66: {=G66+F66}
A67: c2aw | B67: Aruba | C67: AW | F67: 0 | G67: 4 | I67: {=G67+F67}
A68: c2bb | B68: Barbados | C68: BB | F68: 9 | G68: 6 | I68: {=G68+F68}
A69: c2bl | B69: Saint Barthélemy | C69: BL | I69: {=G69+F69}
A70: c2bm | B70: Bermuda | C70: BM | F70: 5 | G70: 6 | I70: {=G70+F70}
A71: c2bq | B71: Bonaire, Sint Eustatius, Saba | C71: BQ | I71: {=G71+F71}
A72: c2bs | B72: Bahamas (the) | C72: BS | F72: 9 | G72: 9 | I72: {=G72+F72}
A73: c2bz | B73: Belize | C73: BZ | F73: 7 | G73: 6 | I73: {=G73+F73}
A74: c2ca | B74: Canada | C74: CA | F74: 1383 | G74: 972 | I74: {=G74+F74}
A75: c2cr | B75: Costa Rica | C75: CR | F75: 395 | G75: 180 | I75: {=G75+F75}
A76: c2cu | B76: Cuba | C76: CU | F76: 17201 | G76: 7555 | I76: {=G76+F76}
A77: c2cw | B77: Curaçao | C77: CW | I77: {=G77+F77}
A78: c2dm | B78: Dominica | C78: DM | F78: 672 | G78: 400 | I78: {=G78+F78}
A79: c2do | B79: Dominican Republic (the) | C79: DO | F79: 17783 | G79: 12008 | I79: {=G79+F79}
A80: c2gd | B80: Grenada | C80: GD | F80: 6 | G80: 5 | I80: {=G80+F80}
A81: c2gl | B81: Greenland | C81: GL | F81: 3 | G81: 2 | I81: {=G81+F81}
A82: c2gp | B82: Guadeloupe | C82: GP | I82: {=G82+F82}
A83: c2gt | B83: Guatemala | C83: GT | F83: 664 | G83: 367 | I83: {=G83+F83}
A84: c2hn | B84: Honduras | C84: HN | F84: 2598 | G84: 1323 | I84: {=G84+F84}
A85: c2ht | B85: Haiti | C85: HT | F85: 212 | G85: 191 | I85: {=G85+F85}
A86: c2jm | B86: Jamaica | C86: JM | F86: 71 | G86: 57 | I86: {=G86+F86}
A87: c2kn | B87: Saint Kitts and Nevis | C87: KN | F87: 6 | G87: 7 | I87: {=G87+F87}
A88: c2ky | B88: Cayman Islands (the) | C88: KY | F88: 5 | G88: 6 | I88: {=G88+F88}
A89: c2lc | B89: Saint Lucia | C89: LC | F89: 12 | G89: 4 | I89: {=G89+F89}
A90: c2mf | B90: Saint Martin (French part) | C90: MF | I90: {=G90+F90}
A91: c2mq | B91: Martinique | C91: MQ | I91: {=G91+F91}
A92: c2ms | B92: Montserrat | C92: MS | I92: {=G92+F92}
A93: c2mx | B93: Mexico | C93: MX | F93: 3550 | G93: 1855 | I93: {=G93+F93}
A94: c2ni | B94: Nicaragua | C94: NI | F94: 611 | G94: 307 | I94: {=G94+F94}
A95: c2pa | B95: Panama | C95: PA | F95: 267 | G95: 116 | I95: {=G95+F95}
A96: c2pm | B96: Saint Pierre and Miquelon | C96: PM | F96: 1 | G96: 0 | I96: {=G96+F96}
A97: c2pr | B97: Puerto Rico | C97: PR | I97: {=G97+F97}
A98: c2sv | B98: El Salvador | C98: SV | F98: 14084 | G98: 10265 | I98: {=G98+F98}
A99: c2sx | B99: Sint Maarten (Dutch part) | C99: SX | I99: {=G99+F99}
A100: c2tc | B100: Turks and Caicos Islands (the) | C100: TC | I100: {=G100+F100}
A101: c2tt | B101: Trinidad and Tobago | C101: TT | F101: 32 | G101: 12 | I101: {=G101+F101}
A102: c2us | B102: United States of America (the) | C102: US | F102: 9228 | G102: 7306 | I102: {=G102+F102}
A103: c2vc | B103: Saint Vincent and the Grenadines | C103: VC | F103: 3 | G103: 1 | I103: {=G103+F103}
A104: c2vg | B104: Virgin Islands (British) | C104: VG | F104: 1 | G104: 1 | I104: {=G104+F104}
A105: c2vi | B105: Virgin Islands (U.S.) | C105: VI | I105: {=G105+F105}
A106: c3ar | B106: Argentina | C106: AR | F106: 8258 | G106: 7084 | I106: {=G106+F106}
A107: c2 | B107: North America | F107: 77070 | G107: 50048 | I107: {=SUM(I65:I106)}
B109: South America
A110: c3bo | B110: Bolivia (Plurinational State of) | C110: BO | F110: 7605 | G110: 4873 | I110: {=G110+F110}
...

Sheet patria
A1: patria
C2: aa | D2: nf | E2: nm | F2: mf | G2: mm | H2: na | I2: ma | J2: af | K2: am
B3: {=overview!C11&" / "&overview!C12} | C3: All | D3: Native Female | E3: Native Male | F3: Migrant Female | G3: Migrant Male | H3: Utility Native Male + Female | I3: Utility Migrant Male + Female | J3: Utility All Female | K3: Utility All Male | L3: Utility Other
B4: ✏️ | C4: Enter your data below and make sure that you adjust the formulas above, if necessary. If calculations are necessary, use the fields below for it and use formulas in the area above, to fill in the fields above exactly as intended.
B5: Naturalisation | C5: Fill in the numbers of people being naturalized in the specified year. This is not relevant for the calculation of version 1 but it is important for future versions.
B7: Year of the last migration numbers | C7: 2025
B9: {=$B10-1} | C9: {=I9} | I9: 39824
B10: {=$B11-1} | C10: {=I10} | I10: 38973
B11: {=$B12-1} | C11: {=I11} | I11: 29185
B12: {=$B13-1} | C12: {=I12} | I12: 20460
B13: {=$B14-1} | C13: {=I13} | I13: 22646
B14: {=$B15-1} | C14: {=I14} | I14: 40523
B15: {=$B16-1} | C15: {=I15} | I15: 35431
B16: {=$B17-1} | C16: {=I16} | I16: 20318
B17: {=$B18-1} | C17: {=I17} | I17: 8712
B18: {=$B19-1} | C18: {=I18} | I18: 7688
B19: {=$B20-1} | C19: {=I19} | I19: 6322
B20: {=$B21-1} | C20: {=I20} | I20: 6083
... B39: {=$B40-1} | C39: {=I39} | I39: 8176
B40: {=$B41-1} | C40: {=I40} | F40: 4832 | G40: 3147 | I40: {=G40+F40}
B41: {=$B42-1} | C41: {=I41} | F41: 4835 | G41: 2915 | I41: {=G41+F41}
B42: {=$B43-1} | C42: {=I42} | F42: 6404 | G42: 4495 | I42: {=G42+F42}
B43: {=$B44-1} | C43: {=I43} | F43: 4006 | G43: 4869 | I43: {=G43+F43}
B44: {=$B45-1} | C44: {=I44} | F44: 4025 | G44: 4463 | I44: {=G44+F44}
B45: {=$B46-1} | C45: {=I45} | F45: 4752 | G45: 5263 | I45: {=G45+F45}
B46: {=$B47-1} | C46: {=I46} | F46: 3955 | G46: 4157 | I46: {=G46+F46}
B47: {=$B48-1} | C47: {=I47} | F47: 4011 | G47: 4221 | I47: {=G47+F47}
B48: {=$B49-1} | C48: {=I48} | F48: 4305 | G48: 4165 | I48: {=G48+F48}
B49: {=$B50-1} | C49: {=I49} | F49: 4704 | G49: 4494 | I49: {=G49+F49}
B50: {=$B51-1} | C50: {=I50} | F50: 5685 | G50: 5709 | I50: {=G50+F50}
B51: {=$B52-1} | C51: {=I51} | F51: 6033 | G51: 5887 | I51: {=G51+F51}
... B83: {=$B84-1} | C83: {=I83} | F83: 6479 | G83: 6557 | I83: {=G83+F83}
B84: {=$C$7} | C84: {=I84} | I84: {=G84+F84}
C85: {=SUM(C9:C84)} | F85: {=SUM(F9:F84)} | G85: {=SUM(G9:G84)} | I85: {=SUM(I9:I84)}
B87: Source of the data (verbal) | C87: {=IF(C88="","?",C88)&IF(C89="","","; downloaded "&C89)&IF(C90="","","; "&C90)}
B88: URLs, where the data was found | C88: https://ec.europa.eu/eurostat/databrowser/view/migr_acq, https://data.statistik.gv.at/data/OGD_einbuergerungen_EINBJ_1.csv, https://www.statistik.at/fileadmin/pages/436/neu_Einbuergerungen.ods
B89: Date, when the data was downloaded | C89: 2026-05-20
B90: Manual remarks (not for AI!)
B91: Remarks of the AI (e.g. calculation) | C91: Naturalisationen 2008-2024 aus EUROSTAT migr_acq (Acquisition of citizenship by sex, age, former citizenship), geo=AT, citizen=TOTAL, age=TOTAL — zählt nur in Österreich resident Eingebürgerte. Jahre 1981-2007 aus STAT OGD-Würfel OGD_einbuergerungen_EINBJ_1 (Berichtsjahr × Geburtsland × Altersgruppe × Geschlecht) — Total inkl. Auslandseinbürgerungen; Ausland-Anteil pre-2008 historisch <10 % (vgl. STAT Tabelle 2 'Inland' vs 'Ausland'). Methodenbruch 2007/2008: ab 2008 nur AT-resident (Eurostat), davor inkl. Ausland (OGD). Effekt minimal pre-2014 (Diff <1 % der Werte); 1985 Ausland-Anteil 13,9 %. Jahre 1946-1980 (35 Jahre): kein Sex-Split in STAT-Open-Data publiziert. STAT Tabelle 2 hat Totals ohne Geschlecht 1946-2024; OGD_einbuergerungen startet bei 1981. Bewusst leer (User-Vorgabe: keine 50/50-Approximation). Jahr 2025 leer. STAT 2025 enthält §58c-Auslands-Einbürgerungen (Nazi-Opfer-Nachfahren-Anzeige, ca. 40 % der 25.095 Gesamteinbürgerungen 2025 — nicht relevant für das AT-resident Modell). Eurostat 2025 noch nicht publiziert (Stand Mai 2026). Cross-Check 2024: Eurostat 13.036 (AT-resident), STAT/OGD 21.891 (Total inkl. 8.855 Ausland §58c). Methodisch (CLAUDE.md §Pass-Wechsel): Naturalisation nur Migrant F (col F) + Migrant M (col G); Native bleibt leer. V3-Ergänzung 2026-05-21: Naturalisation 1950-1980 (31 Jahre) nachgepflegt aus STAT Tabelle 2 'Eingebürgerte Personen seit 1946' (neu_Einbuergerungen.ods), Spalte 'Österreich(Inland)'. Total pro Jahr direkt in Spalte I (Utility Migrant M+F) wegen fehlendem Sex-Split in STAT-Open-Data vor 1981; F/G dieser Jahre leer. Originalformel I=G+F damit überschrieben (nur für 1950-1980; 1981+ behält Sex-Split-Konvention). §58c-äquivalente Auslandseinbürgerungen (Spalte 'Ausland' in T2, sporadisch ab 1966) bewusst exkludiert — resident-only-Logik konsistent mit V2-Wahl für 2008+ (Eurostat). Jahre 1946-1949 außerhalb Template-Range (B9..B84 = 1950..2025); nicht aggregiert. Summe 1950-1980 = 381.150.
B92: Internal remarks
B94: Expatriation | C94: Fill in the numbers of people being expatriated in the specified year. This is not relevant for the calculation of version 1 but it is important for future versions.
B96: {=$B97-1} | C96: {=H96} | H96: {=E96+D96}
B97: {=$B98-1} | C97: {=H97} | H97: {=E97+D97}
B98: {=$B99-1} | C98: {=H98} | H98: {=E98+D98}
B99: {=$B100-1} | C99: {=H99} | H99: {=E99+D99}
B100: {=$B101-1} | C100: {=H100} | H100: {=E100+D100}
B101: {=$B102-1} | C101: {=H101} | H101: {=E101+D101}
B102: {=$B103-1} | C102: {=H102} | H102: {=E102+D102}
B103: {=$B104-1} | C103: {=H103} | H103: {=E103+D103}
B104: {=$B105-1} | C104: {=H104} | H104: {=E104+D104}
B105: {=$B106-1} | C105: {=H105} | H105: {=E105+D105}
B106: {=$B107-1} | C106: {=H106} | H106: {=E106+D106}
B107: {=$B108-1} | C107: {=H107} | H107: {=E107+D107}
... B170: {=$B171-1} | C170: {=H170} | H170: {=E170+D170}
B171: {=$C$7} | C171: {=H171} | H171: {=E171+D171}
C172: {=SUM(C96:C171)} | D172: {=SUM(D96:D171)} | E172: {=SUM(E96:E171)} | H172: {=SUM(H96:H171)}
B174: Source of the data (verbal) | C174: {=IF(C175="","?",C175)&IF(C176="","","; downloaded "&C176)&IF(C177="","","; "&C177)}
B175: URLs, where the data was found | C175: https://ec.europa.eu/eurostat/databrowser/view/migr_acq, https://data.statistik.gv.at/data/OGD_einbuergerungen_EINBJ_1.csv, https://www.statistik.at/fileadmin/pages/436/neu_Einbuergerungen.ods
B176: Date, when the data was downloaded | C176: 2026-05-20
B177: Manual remarks (not for AI!)
B178: Remarks of the AI (e.g. calculation) | C178: Expatriationen (Verlust/Aufgabe der österreichischen Staatsbürgerschaft) sind weder in STAT-Open-Data noch in Eurostat als Zeitreihe publiziert. Suche im Demographischen Jahrbuch 2023 (STAT, Demo-JB-2023.pdf, 138 Seiten, Stand 2024): Kapitel 3.5 'Einbürgerungen' (S. 102) definiert ausschließlich ERWERB der österr. Staatsbürgerschaft (§§10-25, 57, 58c, 64a StbG). Keine Kapitel/Tabelle zu Verlust, Aufgabe, Verzicht, Entlassung oder Aberkennung der Staatsbürgerschaft. Suche in STAT-Webseite 'Einbürgerungen' (WebFetch Antwort): 'Auf dieser Seite werden Ausbürgerungen nicht statistisch geführt. Die Statistik erfasst ausschließlich Einbürgerungen.' Verlust der österr. Staatsbürgerschaft wird vom BMI/BMEIA bearbeitet (§§26-39 StbG: u.a. Verzicht bei Erwerb einer fremden Staatsangehörigkeit), aber nicht als Open-Data-Zeitreihe öffentlich. Konsequenz: ALLE Jahre 1950-2025 für Expatriation leer (User-Vorgabe 2026-05-20: 'leer + dokumentiert > geschätzt'). Methodisch (CLAUDE.md §Pass-Wechsel): Expatriation nur Native F (col D) + Native M (col E); Migrant bleibt leer — hier wird keine Spalte befüllt.
B179: Internal remarks

Sheet export
A1: export
C2: aa | D2: nf | E2: nm | F2: mf | G2: mm | H2: na | I2: ma | J2: af | K2: am
B3: {=overview!C11&" / "&overview!C12} | C3: All | D3: Native Female | E3: Native Male | F3: Migrant Female | G3: Migrant Male | H3: Utility Native Male + Female | I3: Utility Migrant Male + Female | J3: Utility All Female | K3: Utility All Male | L3: Utility Other
B4: ⚠️ | C4: Do not change this sheet!
B5: Overview
A6: {=overview!A11} | C6: {=overview!C11}
A7: {=overview!A12} | C7: {=overview!C12}
A8: {=overview!$A49} | C8: {=overview!C49}
A9: {=overview!$A51} | C9: {=overview!C51}
A10: {=overview!$A60} | C10: {=overview!C60} | D10: {=overview!D60} | E10: {=overview!E60} | F10: {=overview!F60} | G10: {=overview!G60} | H10: {=overview!H60} | I10: {=overview!I60} | J10: {=overview!J60} | K10: {=overview!K60}
A11: {=overview!$A62} | C11: {=overview!C62}
B13: Population
A14: {=population!$A7} | C14: {=population!C7}
A15: {=population!$A9} | C15: {=population!C9} | D15: {=population!D9} | E15: {=population!E9} | F15: {=population!F9} | G15: {=population!G9} | H15: {=population!H9} | I15: {=population!I9} | J15: {=population!J9} | K15: {=population!K9}
A16: {=population!$A10} | C16: {=population!C10} | D16: {=population!D10} | E16: {=population!E10} | F16: {=population!F10} | G16: {=population!G10} | H16: {=population!H10} | I16: {=population!I10} | J16: {=population!J10} | K16: {=population!K10}
A17: {=population!$A11} | C17: {=population!C11} | D17: {=population!D11} | E17: {=population!E11} | F17: {=population!F11} | G17: {=population!G11} | H17: {=population!H11} | I17: {=population!I11} | J17: {=population!J11} | K17: {=population!K11}
A18: {=population!$A12} | C18: {=population!C12} | D18: {=population!D12} | E18: {=population!E12} | F18: {=population!F12} | G18: {=population!G12} | H18: {=population!H12} | I18: {=population!I12} | J18: {=population!J12} | K18: {=population!K12}
A19: {=population!$A13} | C19: {=population!C13} | D19: {=population!D13} | E19: {=population!E13} | F19: {=population!F13} | G19: {=population!G13} | H19: {=population!H13} | I19: {=population!I13} | J19: {=population!J13} | K19: {=population!K13}
A20: {=population!$A14} | C20: {=population!C14} | D20: {=population!D14} | E20: {=population!E14} | F20: {=population!F14} | G20: {=population!G14} | H20: {=population!H14} | I20: {=population!I14} | J20: {=population!J14} | K20: {=population!K14}
A21: {=population!$A15} | C21: {=population!C15} | D21: {=population!D15} | E21: {=population!E15} | F21: {=population!F15} | G21: {=population!G15} | H21: {=population!H15} | I21: {=population!I15} | J21: {=population!J15} | K21: {=population!K15}
A22: {=population!$A16} | C22: {=population!C16} | D22: {=population!D16} | E22: {=population!E16} | F22: {=population!F16} | G22: {=population!G16} | H22: {=population!H16} | I22: {=population!I16} | J22: {=population!J16} | K22: {=population!K16}
A23: {=population!$A17} | C23: {=population!C17} | D23: {=population!D17} | E23: {=population!E17} | F23: {=population!F17} | G23: {=population!G17} | H23: {=population!H17} | I23: {=population!I17} | J23: {=population!J17} | K23: {=population!K17}
A24: {=population!$A18} | C24: {=population!C18} | D24: {=population!D18} | E24: {=population!E18} | F24: {=population!F18} | G24: {=population!G18} | H24: {=population!H18} | I24: {=population!I18} | J24: {=population!J18} | K24: {=population!K18}
A25: {=population!$A19} | C25: {=population!C19} | D25: {=population!D19} | E25: {=population!E19} | F25: {=population!F19} | G25: {=population!G19} | H25: {=population!H19} | I25: {=population!I19} | J25: {=population!J19} | K25: {=population!K19}
A26: {=population!$A20} | C26: {=population!C20} | D26: {=population!D20} | E26: {=population!E20} | F26: {=population!F20} | G26: {=population!G20} | H26: {=population!H20} | I26: {=population!I20} | J26: {=population!J20} | K26: {=population!K20}
... A115: {=population!$A109} | C115: {=population!C109} | D115: {=population!D109} | E115: {=population!E109} | F115: {=population!F109} | G115: {=population!G109} | H115: {=population!H109} | I115: {=population!I109} | J115: {=population!J109} | K115: {=population!K109}
A116: {=population!$A111} | C116: {=population!C111}
B118: Births
A119: {=births!$A7} | H119: {=births!D7} | I119: {=births!F7}
A120: {=births!$A11} | C120: {=births!C11} | D120: {=births!D11} | E120: {=births!E11} | F120: {=births!F11} | G120: {=births!G11} | H120: {=births!H11} | I120: {=births!I11} | J120: {=births!J11} | K120: {=births!K11}
A121: {=births!$A13} | C121: {=births!C13}
A122: {=births!$A22} | C122: {=births!C22} | D122: {=births!D22} | E122: {=births!E22} | F122: {=births!F22} | G122: {=births!G22} | H122: {=births!H22} | I122: {=births!I22} | J122: {=births!J22} | K122: {=births!K22}
A123: {=births!$A23} | C123: {=births!C23} | D123: {=births!D23} | E123: {=births!E23} | F123: {=births!F23} | G123: {=births!G23} | H123: {=births!H23} | I123: {=births!I23} | J123: {=births!J23} | K123: {=births!K23}
A124: {=births!$A24} | C124: {=births!C24} | D124: {=births!D24} | E124: {=births!E24} | F124: {=births!F24} | G124: {=births!G24} | H124: {=births!H24} | I124: {=births!I24} | J124: {=births!J24} | K124: {=births!K24}
A125: {=births!$A25} | C125: {=births!C25} | D125: {=births!D25} | E125: {=births!E25} | F125: {=births!F25} | G125: {=births!G25} | H125: {=births!H25} | I125: {=births!I25} | J125: {=births!J25} | K125: {=births!K25}
A126: {=births!$A26} | C126: {=births!C26} | D126: {=births!D26} | E126: {=births!E26} | F126: {=births!F26} | G126: {=births!G26} | H126: {=births!H26} | I126: {=births!I26} | J126: {=births!J26} | K126: {=births!K26}
A127: {=births!$A27} | C127: {=births!C27} | D127: {=births!D27} | E127: {=births!E27} | F127: {=births!F27} | G127: {=births!G27} | H127: {=births!H27} | I127: {=births!I27} | J127: {=births!J27} | K127: {=births!K27}
A128: {=births!$A28} | C128: {=births!C28} | D128: {=births!D28} | E128: {=births!E28} | F128: {=births!F28} | G128: {=births!G28} | H128: {=births!H28} | I128: {=births!I28} | J128: {=births!J28} | K128: {=births!K28}
A129: {=births!$A29} | C129: {=births!C29} | D129: {=births!D29} | E129: {=births!E29} | F129: {=births!F29} | G129: {=births!G29} | H129: {=births!H29} | I129: {=births!I29} | J129: {=births!J29} | K129: {=births!K29}
A130: {=births!$A30} | C130: {=births!C30} | D130: {=births!D30} | E130: {=births!E30} | F130: {=births!F30} | G130: {=births!G30} | H130: {=births!H30} | I130: {=births!I30} | J130: {=births!J30} | K130: {=births!K30}
A131: {=births!$A31} | C131: {=births!C31} | D131: {=births!D31} | E131: {=births!E31} | F131: {=births!F31} | G131: {=births!G31} | H131: {=births!H31} | I131: {=births!I31} | J131: {=births!J31} | K131: {=births!K31}
A132: {=births!$A32} | C132: {=births!C32} | D132: {=births!D32} | E132: {=births!E32} | F132: {=births!F32} | G132: {=births!G32} | H132: {=births!H32} | I132: {=births!I32} | J132: {=births!J32} | K132: {=births!K32}
A133: {=births!$A33} | C133: {=births!C33} | D133: {=births!D33} | E133: {=births!E33} | F133: {=births!F33} | G133: {=births!G33} | H133: {=births!H33} | I133: {=births!I33} | J133: {=births!J33} | K133: {=births!K33}
... A157: {=births!$A57} | C157: {=births!C57} | D157: {=births!D57} | E157: {=births!E57} | F157: {=births!F57} | G157: {=births!G57} | H157: {=births!H57} | I157: {=births!I57} | J157: {=births!J57} | K157: {=births!K57}
A158: {=births!$A59} | C158: {=births!C59}
B160: Deaths
A161: {=deaths!$A7} | C161: {=deaths!C7} | D161: {=deaths!D7} | E161: {=deaths!E7} | F161: {=deaths!F7} | G161: {=deaths!G7} | H161: {=deaths!H7} | I161: {=deaths!I7} | J161: {=deaths!J7} | K161: {=deaths!K7}
A162: {=deaths!$A8} | C162: {=deaths!C8} | D162: {=deaths!D8} | E162: {=deaths!E8} | F162: {=deaths!F8} | G162: {=deaths!G8} | H162: {=deaths!H8} | I162: {=deaths!I8} | J162: {=deaths!J8} | K162: {=deaths!K8}
A163: {=deaths!$A9} | C163: {=deaths!C9} | D163: {=deaths!D9} | E163: {=deaths!E9} | F163: {=deaths!F9} | G163: {=deaths!G9} | H163: {=deaths!H9} | I163: {=deaths!I9} | J163: {=deaths!J9} | K163: {=deaths!K9}
A164: {=deaths!$A10} | C164: {=deaths!C10} | D164: {=deaths!D10} | E164: {=deaths!E10} | F164: {=deaths!F10} | G164: {=deaths!G10} | H164: {=deaths!H10} | I164: {=deaths!I10} | J164: {=deaths!J10} | K164: {=deaths!K10}
A165: {=deaths!$A11} | C165: {=deaths!C11} | D165: {=deaths!D11} | E165: {=deaths!E11} | F165: {=deaths!F11} | G165: {=deaths!G11} | H165: {=deaths!H11} | I165: {=deaths!I11} | J165: {=deaths!J11} | K165: {=deaths!K11}
A166: {=deaths!$A12} | C166: {=deaths!C12} | D166: {=deaths!D12} | E166: {=deaths!E12} | F166: {=deaths!F12} | G166: {=deaths!G12} | H166: {=deaths!H12} | I166: {=deaths!I12} | J166: {=deaths!J12} | K166: {=deaths!K12}
A167: {=deaths!$A13} | C167: {=deaths!C13} | D167: {=deaths!D13} | E167: {=deaths!E13} | F167: {=deaths!F13} | G167: {=deaths!G13} | H167: {=deaths!H13} | I167: {=deaths!I13} | J167: {=deaths!J13} | K167: {=deaths!K13}
A168: {=deaths!$A14} | C168: {=deaths!C14} | D168: {=deaths!D14} | E168: {=deaths!E14} | F168: {=deaths!F14} | G168: {=deaths!G14} | H168: {=deaths!H14} | I168: {=deaths!I14} | J168: {=deaths!J14} | K168: {=deaths!K14}
A169: {=deaths!$A15} | C169: {=deaths!C15} | D169: {=deaths!D15} | E169: {=deaths!E15} | F169: {=deaths!F15} | G169: {=deaths!G15} | H169: {=deaths!H15} | I169: {=deaths!I15} | J169: {=deaths!J15} | K169: {=deaths!K15}
A170: {=deaths!$A16} | C170: {=deaths!C16} | D170: {=deaths!D16} | E170: {=deaths!E16} | F170: {=deaths!F16} | G170: {=deaths!G16} | H170: {=deaths!H16} | I170: {=deaths!I16} | J170: {=deaths!J16} | K170: {=deaths!K16}
A171: {=deaths!$A17} | C171: {=deaths!C17} | D171: {=deaths!D17} | E171: {=deaths!E17} | F171: {=deaths!F17} | G171: {=deaths!G17} | H171: {=deaths!H17} | I171: {=deaths!I17} | J171: {=deaths!J17} | K171: {=deaths!K17}
A172: {=deaths!$A18} | C172: {=deaths!C18} | D172: {=deaths!D18} | E172: {=deaths!E18} | F172: {=deaths!F18} | G172: {=deaths!G18} | H172: {=deaths!H18} | I172: {=deaths!I18} | J172: {=deaths!J18} | K172: {=deaths!K18}
... A261: {=deaths!$A107} | C261: {=deaths!C107} | D261: {=deaths!D107} | E261: {=deaths!E107} | F261: {=deaths!F107} | G261: {=deaths!G107} | H261: {=deaths!H107} | I261: {=deaths!I107} | J261: {=deaths!J107} | K261: {=deaths!K107}
A262: {=deaths!$A109} | C262: {=deaths!C109}
B264: Migration balance
A265: {=migration!$A9} | C265: {=migration!C9} | D265: {=migration!D9} | E265: {=migration!E9} | F265: {=migration!F9} | G265: {=migration!G9} | H265: {=migration!H9} | I265: {=migration!I9} | J265: {=migration!J9} | K265: {=migration!K9}
A266: {=migration!$A11} | C266: {=migration!C11} | D266: {=migration!D11} | E266: {=migration!E11} | F266: {=migration!F11} | G266: {=migration!G11} | H266: {=migration!H11} | I266: {=migration!I11} | J266: {=migration!J11} | K266: {=migration!K11}
A267: {=migration!$A12} | C267: {=migration!C12} | D267: {=migration!D12} | E267: {=migration!E12} | F267: {=migration!F12} | G267: {=migration!G12} | H267: {=migration!H12} | I267: {=migration!I12} | J267: {=migration!J12} | K267: {=migration!K12}
A268: {=migration!$A13} | C268: {=migration!C13} | D268: {=migration!D13} | E268: {=migration!E13} | F268: {=migration!F13} | G268: {=migration!G13} | H268: {=migration!H13} | I268: {=migration!I13} | J268: {=migration!J13} | K268: {=migration!K13}
A269: {=migration!$A14} | C269: {=migration!C14} | D269: {=migration!D14} | E269: {=migration!E14} | F269: {=migration!F14} | G269: {=migration!G14} | H269: {=migration!H14} | I269: {=migration!I14} | J269: {=migration!J14} | K269: {=migration!K14}
A270: {=migration!$A15} | C270: {=migration!C15} | D270: {=migration!D15} | E270: {=migration!E15} | F270: {=migration!F15} | G270: {=migration!G15} | H270: {=migration!H15} | I270: {=migration!I15} | J270: {=migration!J15} | K270: {=migration!K15}
A271: {=migration!$A16} | C271: {=migration!C16} | D271: {=migration!D16} | E271: {=migration!E16} | F271: {=migration!F16} | G271: {=migration!G16} | H271: {=migration!H16} | I271: {=migration!I16} | J271: {=migration!J16} | K271: {=migration!K16}
A272: {=migration!$A17} | C272: {=migration!C17} | D272: {=migration!D17} | E272: {=migration!E17} | F272: {=migration!F17} | G272: {=migration!G17} | H272: {=migration!H17} | I272: {=migration!I17} | J272: {=migration!J17} | K272: {=migration!K17}
A273: {=migration!$A18} | C273: {=migration!C18} | D273: {=migration!D18} | E273: {=migration!E18} | F273: {=migration!F18} | G273: {=migration!G18} | H273: {=migration!H18} | I273: {=migration!I18} | J273: {=migration!J18} | K273: {=migration!K18}
A274: {=migration!$A19} | C274: {=migration!C19} | D274: {=migration!D19} | E274: {=migration!E19} | F274: {=migration!F19} | G274: {=migration!G19} | H274: {=migration!H19} | I274: {=migration!I19} | J274: {=migration!J19} | K274: {=migration!K19}
A275: {=migration!$A20} | C275: {=migration!C20} | D275: {=migration!D20} | E275: {=migration!E20} | F275: {=migration!F20} | G275: {=migration!G20} | H275: {=migration!H20} | I275: {=migration!I20} | J275: {=migration!J20} | K275: {=migration!K20}
A276: {=migration!$A21} | C276: {=migration!C21} | D276: {=migration!D21} | E276: {=migration!E21} | F276: {=migration!F21} | G276: {=migration!G21} | H276: {=migration!H21} | I276: {=migration!I21} | J276: {=migration!J21} | K276: {=migration!K21}
A277: {=migration!$A22} | C277: {=migration!C22} | D277: {=migration!D22} | E277: {=migration!E22} | F277: {=migration!F22} | G277: {=migration!G22} | H277: {=migration!H22} | I277: {=migration!I22} | J277: {=migration!J22} | K277: {=migration!K22}
... A366: {=migration!$A111} | C366: {=migration!C111} | D366: {=migration!D111} | E366: {=migration!E111} | F366: {=migration!F111} | G366: {=migration!G111} | H366: {=migration!H111} | I366: {=migration!I111} | J366: {=migration!J111} | K366: {=migration!K111}
A367: {=migration!$A113} | C367: {=migration!C113}
